epoch,train_loss,val_loss,train_loss_MI,train_loss_NORM,val_loss_MI,val_loss_NORM,val_accuracy,val_f1_weighted,val_precision_weighted,val_recall_weighted,val_f1_MI,val_f1_NORM,val_precision_MI,val_precision_NORM,val_recall_MI,val_recall_NORM
1,0.19699644966219887,0.2669312654629514,0.19827376306056976,0.19890189170837402,0.25743404030799866,0.25608766078948975,0.8946945337620579,0.8962832131182272,0.8981997399550553,0.8946945337620579,0.8652439934338159,0.9152050886300921,0.8518953864237437,0.9264274216456775,0.8790175864160097,0.9042513863216266
2,0.1188964084378316,0.4166478136510096,0.11995881795883179,0.12033295631408691,0.3911370635032654,0.3838284909725189,0.9003215434083601,0.9005351009871293,0.9016003902795088,0.9003215434083601,0.8657042528287163,0.9217683980715,0.8919440424505547,0.9074870141500985,0.8409642207398423,0.9365064695009242
3,0.08025339806421238,0.383847623711278,0.08099426329135895,0.08133364468812943,0.3659822642803192,0.3640498220920563,0.8961299954065227,0.8967961407037139,0.8974633059222002,0.8961299954065227,0.8640364188163885,0.9167668547119209,0.8648238153098421,0.9173607255228576,0.8632504548211037,0.916173752310536
4,0.05702888793041255,0.5462420139487076,0.057695191353559494,0.057906754314899445,0.525065541267395,0.5257002711296082,0.8881488286632981,0.8889594825165587,0.8898232816149275,0.8881488286632981,0.8543016423082718,0.9100873119078581,0.8490566037735849,0.9146751306945482,0.8596118859915101,0.9055452865064695
5,0.04569467392631934,0.6453412687749187,0.04618538171052933,0.04638049378991127,0.6071679592132568,0.6035564541816711,0.8855075792374828,0.8854317850407809,0.8862207796331107,0.8855075792374828,0.8455233783467333,0.9097604218757104,0.8714400643604183,0.895231278518386,0.8211036992116434,0.9247689463955637
6,0.03934767650214261,0.6429738418029365,0.039856646209955215,0.03988954424858093,0.6006126403808594,0.5982018709182739,0.8922829581993569,0.8916603826680328,0.8935256242848493,0.8922829581993569,0.8513653371546851,0.9162247191011236,0.89639564124057,0.8917760279965005,0.8106428138265616,0.9420517560073938
7,0.031927260556874434,0.7151872386557546,0.03229995444417,0.03239794820547104,0.6744522452354431,0.6709539294242859,0.8976802939825448,0.8973561088980175,0.898407486796889,0.8976802939825448,0.8606241647669208,0.9197483365771963,0.8937142857142857,0.9012685176971524,0.8298969072164949,0.9390018484288355
8,0.03016582362515612,0.6105932064393617,0.03055802918970585,0.030718723312020302,0.581498920917511,0.5859842300415039,0.8986564079007809,0.8986365625293437,0.8993091178895626,0.8986564079007809,0.8635444219698148,0.9200291465525093,0.8868648130393096,0.906895313341713,0.8414190418435415,0.9335489833641405
9,0.02482357485854065,1.0860963054009773,0.03822813555598259,0.03715190663933754,1.0203256607055664,1.0294824838638306,0.8924552135966927,0.8923724151077179,0.892671220550947,0.8924552135966927,0.855950540958269,0.9145756204579734,0.8729508196721312,0.904693010217922,0.8395997574287447,0.9246765249537893
10,0.0496334441532994,1.0586667699362666,0.05051770433783531,0.050783902406692505,0.9761411547660828,0.9777315855026245,0.894120349104272,0.893104566874663,0.8953660874893054,0.894120349104272,0.8529058116232465,0.917610203624972,0.904915802007144,0.8895444685466377,0.8065494238932687,0.9475046210720888
11,0.013504789501233695,0.977336479330736,0.013677396811544895,0.013762129470705986,0.9067030549049377,0.9042950868606567,0.8907900780891135,0.8898517290109029,0.8914417102237423,0.8907900780891135,0.8487936937654272,0.9148811930108252,0.8938453798423612,0.8899764047889539,0.8080654942389327,0.9412199630314233
12,0.013817858223069452,1.0736910517562404,0.01403284352272749,0.014058023691177368,0.9921185374259949,0.9863932728767395,0.8940629306384933,0.8929416058167421,0.8955259422665995,0.8940629306384933,0.852063389912316,0.9178614498191076,0.9076263924592973,0.8881493646814763,0.802910855063675,0.949630314232902
13,0.017448575138796156,1.7380660942517574,0.01770811900496483,0.017787713557481766,1.6033718585968018,1.589157223701477,0.8893546164446486,0.8874375597687141,0.8927400115566333,0.8893546164446486,0.8415156507413509,0.9154320987654321,0.9213564213564214,0.8752951096121416,0.774408732565191,0.9594269870609982
14,0.021234648945328585,1.3418820238939078,0.021400898694992065,0.02154703438282013,1.2417676448822021,1.2987922430038452,0.8893546164446486,0.8894491323144228,0.8895461503815645,0.8893546164446486,0.85375854214123,0.9112065383017038,0.8551871006997261,0.9104918335332657,0.8523347483323226,0.9119223659889094
15,0.018404459742626136,1.0426041470591159,0.018617404624819756,0.01865580677986145,1.0070595741271973,1.020965814590454,0.8925700505282499,0.8932406872743324,0.8942323272579484,0.8925700505282499,0.8613595706618963,0.912675793113115,0.8472140762463343,0.9228952092979307,0.8759854457246816,0.9026802218114602
16,0.020752142971415668,0.757672087873444,0.020980816334486008,0.02108985371887684,0.7272238731384277,0.7283430099487305,0.8929719797887,0.8932057830863706,0.8935134280572405,0.8929719797887,0.8581478932476868,0.9145774874649248,0.8657614565653449,0.9104313581829838,0.8506670709520922,0.9187615526802219
17,0.022913111241427784,1.1247109576230232,0.023050520569086075,0.0235246941447258,1.0425825119018555,1.0689140558242798,0.8947519522278364,0.8943254770336584,0.8949727404880818,0.8947519522278364,0.8570757670632436,0.9170333408936266,0.8859223300970874,0.9004899777282851,0.8300485142510613,0.9341959334565619
18,0.015916576752329714,1.401367450338064,0.01607966236770153,0.01615537889301777,1.2781479358673096,1.3262652158737183,0.8942926045016077,0.8932973505762019,0.8953419153269757,0.8942926045016077,0.8530517558595312,0.917831541218638,0.9029635901778154,0.890695652173913,0.8083687083080655,0.9466728280961183
19,0.017369445196464488,1.244111694064759,0.017505425959825516,0.017681602388620377,1.153678059577942,1.1575889587402344,0.8902158934313276,0.8901743423870937,0.8906484183859253,0.8902158934313276,0.8523802139866646,0.9132140901624384,0.8722627737226277,0.9018565248738284,0.8333838690115222,0.9248613678373383
20,0.01384479818738835,1.529341690722551,0.014039850793778896,0.014068836346268654,1.4396930932998657,1.4585011005401611,0.8899862195682131,0.8902571082589078,0.8905321238921883,0.8899862195682131,0.8554563341910095,0.911472071821926,0.8540344514959202,0.912781536750394,0.8568829593693147,0.9101663585951941
21,0.01297998917627459,2.2420093458184667,0.013113489374518394,0.013170838356018066,2.0635628700256348,2.0984702110290527,0.8859095084979329,0.8855970000562519,0.8861100442042443,0.8859095084979329,0.8458239101614287,0.909843146169584,0.8708848562710776,0.8953914988814318,0.8221649484536082,0.9247689463955637
22,0.014486821981104956,2.2488838836624714,0.014768837951123714,0.014827674254775047,2.0681777000427246,2.0737268924713135,0.8948667891593937,0.8943305406621942,0.8949545594436786,0.8948667891593937,0.8568294020844761,0.9171916783755609,0.8867802108678021,0.8999377390376234,0.8288356579745301,0.9351201478743069
23,0.011294333042162617,4.757032843335095,0.011420227587223053,0.011476626619696617,4.335397243499756,4.224600791931152,0.8973357831878732,0.8954390649418273,0.9011107906750544,0.8973357831878732,0.8527592180153427,0.9214572045284348,0.9352270671250226,0.8803131049574952,0.7836567616737417,0.9666358595194086
24,0.012361395605661038,3.9732765496157127,0.10296227037906647,0.0961947813630104,3.6332311630249023,3.5423331260681152,0.8933739090491503,0.8912795715213019,0.8973916188765115,0.8933739090491503,0.8464977645305514,0.9185790908291568,0.9325063845311929,0.8759852423276874,0.7750151607034567,0.9655268022181146
25,0.01811951443407651,2.831225413557336,0.018228143453598022,0.018174313008785248,2.641460418701172,2.5122008323669434,0.8964745062011943,0.8952636819849019,0.8980761079823506,0.8964745062011943,0.8548621190130624,0.919892952720785,0.9130210127454358,0.8889655172413793,0.803668890236507,0.9530499075785582
26,0.010401577088587634,1.9265177175005321,0.010522349737584591,0.010609262622892857,1.792648196220398,1.7924014329910278,0.8964170877354157,0.8955998907881295,0.8964602843826435,0.8964170877354157,0.8578640164063732,0.9186041262245497,0.8941137783623808,0.8978907422116318,0.8244390539721043,0.9402957486136784
27,0.00818926728229493,1.8554880720272717,0.008367573842406273,0.008381122723221779,1.7346742153167725,1.714561104774475,0.8879191548001837,0.887368430196453,0.8877439373073742,0.8879191548001837,0.8477938305349473,0.9114935743154262,0.8742148494121437,0.8959914293366664,0.8229229836264402,0.9275415896487985
28,0.010135100509187967,1.5065509546919864,0.010274582542479038,0.010308550670742989,1.4021992683410645,1.3878462314605713,0.895096463022508,0.8943800220080346,0.8957311834230148,0.895096463022508,0.8553768127426896,0.9181568397819918,0.8960650838452598,0.8955276337755909,0.8182231655548817,0.9419593345656192
29,0.009987364151802307,1.549878928231213,0.01009404007345438,0.01013852283358574,1.4786056280136108,1.459204912185669,0.8911920073495636,0.8911302524695661,0.8913630215220759,0.8911920073495636,0.8544333076329992,0.9135011441647597,0.8693128333856291,0.9048050770625566,0.8400545785324439,0.922365988909427
30,0.010386672476809652,3.2678025333694243,0.01057846937328577,0.010622632689774036,3.007718563079834,2.9750986099243164,0.895096463022508,0.8946728278803674,0.895551246074838,0.895096463022508,0.8572326056227423,0.9174968302843688,0.8892147279244054,0.8994140625,0.8274711946634323,0.9363216266173753
31,0.010329565951964713,2.363156729904383,0.010474839247763157,0.010495077818632126,2.1794586181640625,2.1525275707244873,0.8933164905833716,0.892626239119785,0.8939596995918057,0.8933164905833716,0.8532953105196451,0.9166028384771345,0.8934970139349702,0.8942417582417582,0.8165554881746513,0.9401109057301293
32,0.008884460456469154,1.8877559946500366,0.009020221419632435,0.009052671492099762,1.743741750717163,1.7297815084457397,0.8914790996784566,0.8905249867358056,0.8931316620206834,0.8914790996784566,0.8485773991319724,0.9160967323767377,0.9030106055422511,0.8871093411825816,0.8003335354760461,0.9470425138632163
33,0.009165142765766991,1.6508696745258717,0.00925753079354763,0.009300374425947666,1.5490059852600098,1.535230040550232,0.8979673863114378,0.8975883087601721,0.898666579862144,0.8979673863114378,0.8605602769908719,0.9201610349663003,0.8946335078534031,0.9011251882696908,0.8289872650090965,0.9400184842883549
34,0.010093176190386686,2.833879938931621,0.010305608622729778,0.010340950451791286,2.5839033126831055,2.5574965476989746,0.9003215434083601,0.8997310201110411,0.9002783080318496,0.9003215434083601,0.8641917293233082,0.9213961922030826,0.8938755670771225,0.9041814946619217,0.8364160097028502,0.939279112754159
35,0.007802628764510077,2.3690329801385572,0.00792250782251358,0.007953457534313202,2.149953603744507,2.125011682510376,0.8924552135966927,0.8909253058200932,0.8954467434522946,0.8924552135966927,0.84721086209717,0.9175741478530323,0.9198934280639431,0.8805437553101104,0.7851728320194057,0.9578558225508318
36,0.008709724170215871,3.350942488253345,0.008840096183121204,0.00886956974864006,3.041994094848633,3.005272150039673,0.8957854846118511,0.8948442252470136,0.8970535431998812,0.8957854846118511,0.8553126751541357,0.9189431258396775,0.9063295435262175,0.891398783666377,0.8097331716191631,0.9482439926062847
37,0.011410351426507486,2.3750295435361117,0.011394103989005089,0.01139164436608553,2.1580922603607178,2.13769793510437,0.8991731740927882,0.8982882967653705,0.9000731386349401,0.8991731740927882,0.8606727243743025,0.9212191946851013,0.9073949579831933,0.895609670943528,0.8185263796240145,0.9483364140480591
38,0.007002908537629989,3.971591170535673,0.007093274500221014,0.007114182226359844,3.606456995010376,3.564542770385742,0.8969912723932016,0.8965865093722021,0.8976934607725173,0.8969912723932016,0.8591227655720923,0.9194248507867607,0.8938227101425529,0.9000531161473088,0.8270163735597331,0.9396487985212569
39,0.007004546352612986,3.056793682075302,0.0071128373965620995,0.007132384460419416,2.793159008026123,2.772390365600586,0.8994602664216812,0.8985165371335907,0.9000376986853068,0.8994602664216812,0.8609608654152084,0.9214109188946304,0.9056224899598394,0.8966331438565807,0.8204972710733778,0.9475970425138632
40,0.007070487104891543,4.350794887618065,0.0271886195987463,0.02853083796799183,3.9401094913482666,3.89245867729187,0.8961299954065227,0.8950818385589989,0.8975707248162079,0.8961299954065227,0.8553297453610732,0.9193151848375128,0.9096189988040321,0.890225954462817,0.8071558520315343,0.950369685767098
