epoch,train_loss,val_loss,test_loss,learning_rate,train_accuracy,train_f1_weighted,train_precision_weighted,train_recall_weighted,val_accuracy,val_f1_weighted,val_precision_weighted,val_recall_weighted,test_accuracy,test_f1_weighted,test_precision_weighted,test_recall_weighted,train_f1_MI,train_f1_NORM,train_precision_MI,train_precision_NORM,train_recall_MI,train_recall_NORM,val_f1_MI,val_f1_NORM,val_precision_MI,val_precision_NORM,val_recall_MI,val_recall_NORM,test_f1_MI,test_f1_NORM,test_precision_MI,test_precision_NORM,test_recall_MI,test_recall_NORM,train_loss_MI,train_loss_NORM,val_loss_MI,val_loss_NORM,test_loss_MI,test_loss_NORM
1,0.28062409295289564,0.3075516378643059,0.33700244397867807,0.001,0.7969195828571839,0.8106510267662957,0.8539558085492538,0.8069672337336582,0.8949816260909509,0.8952693045286877,0.8958457283831157,0.8951538814882867,0.8898968136976981,0.8896741730852514,0.8911381682360417,0.8901235967796802,0.7927651988156665,0.8216417414423397,0.678629053945033,0.9616928582542399,0.9530562531865476,0.7171965653283825,0.8592890885154495,0.917203269854318,0.878264999208485,0.9065631488670217,0.8411158277744087,0.9280961182994455,0.8514607261234872,0.9134727582802262,0.8902321083172147,0.8917024445807412,0.8159255429162358,0.9363326892998436,0.296238511800766,0.26489490270614624,0.3251715302467346,0.28579238057136536,0.35856083035469055,0.31547868251800537
2,0.16784381966377956,0.2900201287775116,0.277754374562322,0.001,0.9027505264595327,0.9087311423768968,0.9176351827565133,0.9071706303858786,0.8400895728066146,0.8442162491903016,0.8683246026874022,0.8402044097381718,0.8486222927769589,0.8523431675992047,0.8722576423406679,0.8486222927769589,0.8884624777587831,0.9211860933188957,0.8255450198557419,0.9742239360256726,0.9617614290839738,0.8736249709909492,0.8193955496512787,0.859347241256789,0.7291642038065965,0.9531584281049431,0.9351121892055791,0.782347504621072,0.8287009658978908,0.867067067067067,0.7462721893491124,0.9507189112062342,0.9315999409070764,0.7969454411629405,0.17765428125858307,0.15774741768836975,0.30444812774658203,0.27171748876571655,0.2940467894077301,0.26218944787979126
3,0.12628646221699735,0.35639686789344904,0.3538873565684966,0.001,0.9282936961412134,0.9321382120244657,0.9374437790025019,0.9311110631967054,0.8856798346348186,0.8856511798181054,0.8859722691614447,0.8861966008268259,0.8897267263862116,0.8894001025467929,0.8910251021281874,0.8898401179272026,0.9154745498999778,0.9423779144510903,0.8650156255250513,0.9819503666528308,0.9721849802670091,0.9058714318867487,0.8451275649527971,0.9103548548321141,0.8705995820607619,0.8953436410760568,0.8211036992116434,0.9258780036968577,0.8510539726662034,0.9132813200609811,0.891459074733096,0.8907548325024053,0.8141527552075639,0.9369767227895851,0.1337837427854538,0.11861411482095718,0.37570711970329285,0.3322213888168335,0.37583523988723755,0.3333115875720978
4,0.09894542774784298,0.3287500965559353,0.2996957464808306,0.001,0.9455069463909672,0.948229974777327,0.9514328387404054,0.9475193514306044,0.8656407900780891,0.8680274823124283,0.8791628493673249,0.865927882406982,0.8747590429753941,0.8766645594427444,0.8850945679994862,0.8750992175983672,0.9347176993784786,0.9565331723672179,0.8948186528497409,0.9862218552432126,0.9783409181033669,0.928579716871664,0.8395318235334857,0.885398773006135,0.7727910238429172,0.9440083725798012,0.9188902365069739,0.833641404805915,0.8496857064771796,0.893466459868166,0.7903902377017923,0.9440745672436751,0.9185994977101493,0.8480080964210139,0.10472003370523453,0.09299696981906891,0.3456194996833801,0.3074224293231964,0.31796205043792725,0.28284963965415955
5,0.0781317229919926,0.5422435984251611,0.501545190615156,0.0005,0.9583216541969426,0.9602246373914266,0.9621704294674776,0.9597662735289678,0.793752870923289,0.796529206274898,0.8505485199138746,0.7938102893890675,0.7850663340514797,0.7872170097536063,0.8482785329041235,0.7852931171334618,0.9494804010938924,0.9668268945463178,0.9178048393634457,0.9894327705575124,0.9834205109806069,0.9452309120445579,0.7802811713426239,0.8064342005829644,0.6556277726194161,0.9693745133662082,0.9634627046694967,0.6903881700554528,0.7767001774098167,0.7937666866452351,0.6475692732472142,0.9732763228220203,0.97015807357069,0.6701628484681204,0.08345644921064377,0.07383037358522415,0.5678398013114929,0.5097815990447998,0.5291486382484436,0.4765549302101135
6,0.06460465993541079,0.4466188899438711,0.4319428250857634,0.0005,0.9651135212057181,0.9667745936582045,0.9681887367647762,0.96652939189432,0.8872301332108407,0.8875703654922883,0.8877235166236074,0.887459807073955,0.8967570019276562,0.8969292924165055,0.8970940839444432,0.8968703934686473,0.9575912876361307,0.9724176702074149,0.9290572336760606,0.992234768431858,0.9879336065109429,0.953376653515897,0.8523651702319975,0.9090318689984692,0.8470059880239521,0.9125454037440626,0.8577926015767131,0.9055452865064695,0.8647962990598418,0.9169410903768752,0.8736619930649782,0.91168713051387,0.8561087309794652,0.9222559573097802,0.0683504268527031,0.06074322760105133,0.47102588415145874,0.41610187292099,0.4592534899711609,0.4058206379413605
7,0.0365615413784135,0.5096698947290335,0.47205151470188167,0.0005,0.9815002479570495,0.9823097775649566,0.9827054855570792,0.9822261512034901,0.8905604042259991,0.8905055948549762,0.8905450560825209,0.8907326596233348,0.9010091847148203,0.900576699459345,0.9010534160144398,0.9010091847148203,0.9770963995354239,0.9855133614627285,0.9618058096143997,0.9955481884915937,0.9928810166739053,0.9756788117892783,0.8534237079257491,0.913111151803699,0.8673868795991858,0.9046625544267054,0.8399029714978775,0.9217190388170056,0.8673965936739659,0.9212406185007687,0.8936236879210403,0.905680504933772,0.8426650908553701,0.9373447419265801,0.03873895853757858,0.03431752696633339,0.5375530123710632,0.47481387853622437,0.5017743706703186,0.4434654414653778
8,0.02628778103255073,0.49605807524394663,0.44407493076109267,0.00025,0.9867325010601062,0.9872905385500145,0.9875403256024148,0.9871996665157363,0.8793063849333945,0.8802939674276367,0.8824998380953882,0.8793063849333945,0.8918244698945459,0.892667686740441,0.8941300910091118,0.8918811656650414,0.983467911318553,0.9896395159263955,0.9724745237040319,0.9967981542300856,0.9947126914288952,0.9825829658853562,0.8463343108504399,0.90099617581795,0.8194207836456558,0.9209535759096612,0.8750758035172832,0.8818853974121996,0.8632398529305746,0.9109947643979057,0.843001971275697,0.9259716810795401,0.8844733343182154,0.8964946177201214,0.02776532992720604,0.024762380868196487,0.5240220427513123,0.46130701899528503,0.47355586290359497,0.41760149598121643
9,0.01294396190901954,0.652689869309046,0.6619276219531378,0.00025,0.9931075127392426,0.993550341689116,0.9936078786233172,0.9935459295514493,0.8949816260909509,0.8939954808453839,0.8960281074670267,0.8950390445567294,0.8931851683864384,0.8915991614789268,0.896103786113804,0.8932418641569339,0.9915865497350279,0.9947570779447745,0.9851093965485109,0.9988301357042583,0.9981494420001134,0.9907171037363658,0.8540566490638503,0.9183426651735722,0.9042697390715012,0.8910039113428944,0.8091267434808975,0.9474121996303142,0.8502230720203952,0.9173673783843276,0.9227044786443023,0.8795373965895661,0.7882996011227655,0.9585978470880486,0.0136414160951972,0.012223209254443645,0.6903238892555237,0.6061234474182129,0.7052737474441528,0.6194535493850708
10,0.007891457931497878,0.6064013555566495,0.5509972849220616,0.00025,0.9959895642424373,0.9962006801937507,0.9962743950495112,0.9961476817812659,0.8782154340836013,0.8793197923828026,0.8820832721956413,0.8783302710151585,0.8902936840911668,0.891306581664631,0.8929802970962668,0.8903503798616623,0.9950632375758146,0.9968996306314167,0.9910466771559152,0.9994867906922493,0.9991124874898503,0.9943258296588535,0.8461818446531266,0.8995210773388971,0.813891611819073,0.923653715064758,0.8811400848999393,0.8766173752310537,0.861589451689603,0.9098138272990925,0.8409282700421941,0.9253972785231707,0.8832914758457675,0.8947465268193946,0.008484074845910072,0.007635415531694889,0.6405864357948303,0.5639177560806274,0.5863446593284607,0.516620934009552
11,0.012433403604388727,0.6524047522119393,0.6065029391512226,0.000125,0.9937687315379805,0.9940339552908386,0.9941061465432042,0.9940059078462236,0.8921107028020211,0.891987570444836,0.8923139937791675,0.8921107028020211,0.8998752693049099,0.8993874864311877,0.8998345167053635,0.8999319650754054,0.9922477709995308,0.9951315528948625,0.9863601589759857,0.9988660010755454,0.9982060917348037,0.9914249245764678,0.8551745491137085,0.9144292237442923,0.8736359323106121,0.9037003610108303,0.8374772589448151,0.9254158964879852,0.8657125456760049,0.9203595789854091,0.8930422490969059,0.9040646077387291,0.8400059092923622,0.9372527371423314,0.013109268620610237,0.01173548586666584,0.6897912621498108,0.60608971118927,0.6461803317070007,0.5681114792823792
12,0.005372105718400371,0.6810412499195212,0.6694537568387531,0.000125,0.9973910606093275,0.9975395709006243,0.997574675536446,0.997513242343877,0.8915939366100137,0.8908261865334725,0.8919223163678052,0.8915939366100137,0.896190044222701,0.894953733272254,0.8976987067914459,0.896303435763692,0.9967889260322991,0.9980008368589892,0.9941583079755062,0.999674009220882,0.9994335026530959,0.9963332559758644,0.8509527951292797,0.9151334776334776,0.889274500082631,0.8935364564987671,0.8157974530018193,0.9378003696857671,0.856492027334852,0.9189069292875521,0.9144582354914458,0.8872612010622805,0.8054365489732604,0.9528935504646242,0.0056241415441036224,0.005110312253236771,0.7201211452484131,0.6326407194137573,0.713434100151062,0.6270793676376343
13,0.004108642892099981,0.7291332129767434,0.7145366870304682,0.000125,0.997886974708381,0.9980386052349048,0.99806630989425,0.9980163436037862,0.8926274689940285,0.8917014940814514,0.8934983946977699,0.8927423059255857,0.8975507427145935,0.8962938478681507,0.9002171109397591,0.8975507427145935,0.9974654920619965,0.9983907792230426,0.9953928316220993,0.9997091433690505,0.9995468021224767,0.9970758876769552,0.851165761737464,0.9164125560538117,0.8991228070175439,0.8900696864111498,0.8080654942389327,0.944362292051756,0.8574142981553321,0.920507268790597,0.9237461617195496,0.8855636796463187,0.7999704535381889,0.9583218327353022,0.00431246031075716,0.0038982757832854986,0.7712209820747375,0.6770669221878052,0.7616201639175415,0.6686446666717529
14,0.003560215458063007,0.6908448776251815,0.657550819556303,6.25e-05,0.9982894557163083,0.9984085745308224,0.9984239183217992,0.9983972631291461,0.8917661920073495,0.8915142603229022,0.8919103263554691,0.8917661920073495,0.8967570019276562,0.8960290427071458,0.8973949124279387,0.8968136976981517,0.9979171575326328,0.9987105467978579,0.9961240310077519,0.9998371827971996,0.9997167513265479,0.997586446971455,0.853878439297373,0.9144575020497404,0.8760765550239235,0.901562780671816,0.8327774408732566,0.9277264325323475,0.859504132231405,0.9187760404999776,0.900615085788281,0.8953894516241705,0.8219825675875314,0.9434170576869997,0.003728104056790471,0.0033872355706989765,0.7306751608848572,0.641559898853302,0.7010708451271057,0.6155515313148499
15,0.0029265757038371867,0.6554235472528356,0.5846870740526474,6.25e-05,0.9986703752416682,0.9987677832581536,0.9987451936345239,0.9987925569762177,0.8885507579237483,0.8888794413658293,0.8890939553370948,0.8886655948553055,0.9010091847148203,0.9008448229065512,0.9009708969514614,0.9010658804853158,0.9983405306530388,0.9990303269598138,0.9969868740701682,0.9998256685610682,0.9996978680816512,0.9982362497099095,0.8531755064875939,0.9106449824431713,0.8540179249582257,0.9104767184035477,0.8523347483323226,0.9108133086876156,0.8690028575725673,0.9206753743230328,0.8849747281360085,0.9109329971181557,0.8535972817255134,0.9306283926764192,0.015568111091852188,0.013201613910496235,0.6931012868881226,0.6087756156921387,0.6232280731201172,0.547582745552063
16,0.005749407875644887,0.6484712006144021,0.6144071499386103,6.25e-05,0.9969670181188325,0.9971230647767562,0.9971686144182834,0.997089199853382,0.8917661920073495,0.8915162300754325,0.8916156191918246,0.8917661920073495,0.9027667536001814,0.902138515274317,0.9031548371611173,0.9028234493706769,0.9962725201905156,0.997645718404669,0.9932433700568682,0.9995806492946754,0.9993202031837151,0.9957182640983987,0.854628271442909,0.9140035660403237,0.8706937234544596,0.9043698543381887,0.8391449363250455,0.9238447319778188,0.8682956815736899,0.9232151682616705,0.9047237790232185,0.9021777309448542,0.8346875461663466,0.9452571533719754,0.006052562966942787,0.00543595477938652,0.6855959296226501,0.6024713516235352,0.6550306677818298,0.5758005976676941
17,0.0029480220138570624,0.7129268483472051,0.6858345946153533,3.125e-05,0.9986416265982448,0.9987426019172417,0.9987312244937024,0.9987566211719384,0.8932016536518145,0.8924648820189245,0.8937763514279721,0.8933164905833716,0.8977775257965755,0.8966198826944715,0.8997613404051735,0.8977775257965755,0.9983690169791932,0.9989721672173605,0.9968934744135256,0.9998605089099933,0.9998489340408255,0.9980854026456254,0.8531768065360514,0.9164153576090381,0.8946930627183497,0.8932175133807142,0.8153426318981201,0.9408502772643254,0.8586939417781274,0.9202394147639105,0.9185322336307019,0.8880711963032689,0.8061752105185404,0.9548256509338485,0.003150531090795994,0.00284217088483274,0.753821074962616,0.6622753143310547,0.731337308883667,0.6425684094429016
18,0.002649393454007896,0.6719859080016674,0.61773368910467,3.125e-05,0.998778182654506,0.9988969427540046,0.9989385290828312,0.9988572414239203,0.8890675241157556,0.889093889462241,0.8891804556245354,0.8891249425815342,0.9023131874362172,0.9018693900163227,0.9024688640636739,0.9023131874362172,0.9986137437406286,0.9990709665431826,0.9974191846884184,0.9998721554589619,0.9998111675510319,0.9982710605708981,0.8521952340816795,0.9115877462912781,0.8615027110766847,0.9060531361270885,0.843086719223772,0.9171903881700555,0.8688761904761905,0.9224169075144508,0.8971050975456262,0.9058093126385809,0.8423696262372581,0.9396448615327997,0.0027813296765089035,0.0025129576679319143,0.7104511857032776,0.6243240237236023,0.65831059217453,0.5787616968154907
19,0.00243182978184288,0.6676714065396054,0.6113096448934049,3.125e-05,0.9988284927804969,0.9989042157788793,0.9989027166960663,0.9989075515499113,0.8859095084979329,0.8859838652491356,0.8861450996437059,0.8859095084979329,0.8964168273046831,0.896236430490422,0.8964951306991255,0.8964735230751786,0.9985666327184942,0.9991116581800025,0.9973439825192608,0.999860547814668,0.9997922843061352,0.9983638895335345,0.8485729589103986,0.9087899963221773,0.8566352541325506,0.9041346505671424,0.8406610066707095,0.9134935304990758,0.8626415094339622,0.9171586883458989,0.8818083629069589,0.9056417615929679,0.844290146254986,0.9289723065599411,0.0025451499968767166,0.002314192010089755,0.7057154774665833,0.6204901933670044,0.6512149572372437,0.5728723406791687
20,0.002491540817277618,0.6877455136970263,0.6386954479689572,1.5625e-05,0.9989722359976139,0.9990585949001882,0.9991105033172355,0.999008171801893,0.8913642627468994,0.8909284933474142,0.8913447083739054,0.891421681212678,0.901406055108289,0.9005626158353187,0.9020840347869004,0.9014627508787845,0.9988210327752889,0.9992045751444247,0.9977764377779452,0.9999302771483354,0.9998678172857224,0.9984799257368299,0.8526817081739402,0.9142441860465116,0.8789634637051343,0.8988924615934262,0.8279260157671315,0.9301293900184843,0.8655052264808363,0.9223956702598739,0.909371949235275,0.8975452646239555,0.8256758753139312,0.9486613303891802,0.0025997685734182596,0.002378779696300626,0.7272011637687683,0.638877272605896,0.6809350252151489,0.5984798073768616
